Email,Name,Contact,Address
derren_brett@gmail.com,Derren Brett,91018865,4256  Pin Oak Drive
marissa_partridge@gmail.com,Marissa Partridge,92919031,259  Philli Lane
lowri_delgado@gmail.com,Lowri Delgado,86558950,4109  Liberty Avenue
jolyon_robson@gmail.com,Jolyon Robson,99095603,3054  Deans Lane
areeba_sparrow@gmail.com,Areeba Sparrow,81141260,3909  Gladwell Street
myra_odling@gmail.com,Myra Odling,92874207,3888  Gladwell Street
zhou_xiaohong@gmail.com,Zhou Xiaohong,85094466,1751  Little Acres Lane
zhao_xiaoming@gmail.com,Zhao Xiaoming,99654709,4794  Hedge Street
